{
    "v1": [
        {
            "tool_version": "231.0.20230404.121117",
            "error_mismatch": false,
            "project": null,
            "timestamp": 1683534242.715562,
            "elapsed_time": 52.49310898780823,
            "x64": false,
            "actual_files_count": 6,
            "expected_files_count": 6
        },
        {
            "tool_version": "231.0.20230404.121117",
            "error_mismatch": false,
            "project": null,
            "timestamp": 1683601759.785311,
            "elapsed_time": 72.35277318954468,
            "x64": false,
            "actual_files_count": 6,
            "expected_files_count": 6
        },
        {
            "tool_version": "231.0.20230404.121117",
            "error_mismatch": false,
            "project": null,
            "timestamp": 1683688156.829892,
            "elapsed_time": 73.57316875457764,
            "x64": false,
            "actual_files_count": 6,
            "expected_files_count": 6
        }
    ]
}