{
    "v1": [
        {
            "tool_version": "231.0.20230404.121117",
            "error_mismatch": false,
            "project": null,
            "timestamp": 1683475412.210694,
            "elapsed_time": 155.6792814731598,
            "x64": false,
            "actual_files_count": 207,
            "expected_files_count": 210
        }
    ]
}