{
    "v1": [
        {
            "tool_version": "231.0.20230404.121117",
            "error_mismatch": false,
            "project": null,
            "timestamp": 1683475223.26824,
            "elapsed_time": 65.99768495559692,
            "x64": false,
            "actual_files_count": 73,
            "expected_files_count": null
        },
        {
            "tool_version": "231.0.20230404.121117",
            "error_mismatch": false,
            "project": null,
            "timestamp": 1683475497.990726,
            "elapsed_time": 90.8768789768219,
            "x64": false,
            "actual_files_count": 73,
            "expected_files_count": null
        },
        {
            "tool_version": "231.0.20230404.121117",
            "error_mismatch": false,
            "project": null,
            "timestamp": 1683476591.701438,
            "elapsed_time": 85.7346978187561,
            "x64": false,
            "actual_files_count": 73,
            "expected_files_count": null
        }
    ]
}