{
    "v1": [
        {
            "tool_version": "231.0.20230404.121117",
            "error_mismatch": false,
            "project": null,
            "timestamp": 1683534615.076565,
            "elapsed_time": 58.71168780326843,
            "x64": false,
            "actual_files_count": 55,
            "expected_files_count": 55
        },
        {
            "tool_version": "231.0.20230404.121117",
            "error_mismatch": false,
            "project": null,
            "timestamp": 1683601969.680975,
            "elapsed_time": 81.69763684272766,
            "x64": false,
            "actual_files_count": 55,
            "expected_files_count": 55
        },
        {
            "tool_version": "231.0.20230404.121117",
            "error_mismatch": false,
            "project": null,
            "timestamp": 1683688316.928898,
            "elapsed_time": 73.04538798332214,
            "x64": false,
            "actual_files_count": 55,
            "expected_files_count": 55
        }
    ]
}