{
    "v1": [
        {
            "tool_version": "231.0.20230404.121117",
            "error_mismatch": false,
            "project": null,
            "timestamp": 1683534347.567624,
            "elapsed_time": 76.23323178291321,
            "x64": false,
            "actual_files_count": 20,
            "expected_files_count": 20
        }
    ]
}