{
    "v1": [
        {
            "tool_version": "231.0.20230404.121117",
            "error_mismatch": false,
            "project": null,
            "timestamp": 1683534347.567624,
            "elapsed_time": 76.23323178291321,
            "x64": false,
            "actual_files_count": 20,
            "expected_files_count": 20
        },
        {
            "tool_version": "231.0.20230404.121117",
            "error_mismatch": false,
            "project": null,
            "timestamp": 1683601693.239473,
            "elapsed_time": 54.12684917449951,
            "x64": false,
            "actual_files_count": 20,
            "expected_files_count": 20
        },
        {
            "tool_version": "231.0.20230404.121117",
            "error_mismatch": false,
            "project": null,
            "timestamp": 1683688169.302069,
            "elapsed_time": 74.99440717697144,
            "x64": false,
            "actual_files_count": 20,
            "expected_files_count": 20
        },
        {
            "tool_version": "231.0.20230404.121117",
            "error_mismatch": false,
            "project": null,
            "timestamp": 1683774539.208958,
            "elapsed_time": 66.06341910362244,
            "x64": false,
            "actual_files_count": 20,
            "expected_files_count": 20
        }
    ]
}