{
    "v1": [
        {
            "tool_version": "231.0.20230404.121117",
            "error_mismatch": false,
            "project": null,
            "timestamp": 1683736299.640572,
            "elapsed_time": 88.02000379562378,
            "x64": false,
            "actual_files_count": 105,
            "expected_files_count": 105
        },
        {
            "tool_version": "231.0.20230404.121117",
            "error_mismatch": false,
            "project": null,
            "timestamp": 1683749161.573486,
            "elapsed_time": 75.30701565742493,
            "x64": false,
            "actual_files_count": 105,
            "expected_files_count": 105
        },
        {
            "tool_version": "231.0.20230404.121117",
            "error_mismatch": false,
            "project": null,
            "timestamp": 1683763590.825029,
            "elapsed_time": 86.38448667526245,
            "x64": false,
            "actual_files_count": 105,
            "expected_files_count": 105
        }
    ]
}