{
    "v1": [
        {
            "tool_version": "231.0.20230404.121117",
            "error_mismatch": false,
            "project": null,
            "timestamp": 1683774623.228568,
            "elapsed_time": 90.53233909606934,
            "x64": false,
            "actual_files_count": 105,
            "expected_files_count": 105
        },
        {
            "tool_version": "231.0.20230404.121117",
            "error_mismatch": false,
            "project": null,
            "timestamp": 1683860996.752193,
            "elapsed_time": 91.16477990150452,
            "x64": false,
            "actual_files_count": 105,
            "expected_files_count": 105
        },
        {
            "tool_version": "231.0.20230404.121117",
            "error_mismatch": false,
            "project": null,
            "timestamp": 1683947382.091131,
            "elapsed_time": 89.22980618476868,
            "x64": false,
            "actual_files_count": 105,
            "expected_files_count": 105
        }
    ]
}