{
    "v1": [
        {
            "tool_version": "231.0.20230404.121117",
            "error_mismatch": false,
            "project": null,
            "timestamp": 1683538598.972711,
            "elapsed_time": 1407.31551527977,
            "x64": false,
            "actual_files_count": 788,
            "expected_files_count": 793
        }
    ]
}