{
    "v1": [
        {
            "tool_version": "231.0.20230404.121117",
            "error_mismatch": false,
            "project": null,
            "timestamp": 1683823098.937844,
            "elapsed_time": 307.4836106300354,
            "x64": false,
            "actual_files_count": 818,
            "expected_files_count": 818
        }
    ]
}