{
    "v1": [
        {
            "tool_version": "231.0.20230404.121117",
            "error_mismatch": false,
            "project": null,
            "timestamp": 1683534682.987996,
            "elapsed_time": 187.58363151550293,
            "x64": false,
            "actual_files_count": 330,
            "expected_files_count": 330
        },
        {
            "tool_version": "231.0.20230404.121117",
            "error_mismatch": false,
            "project": null,
            "timestamp": 1683601911.232451,
            "elapsed_time": 177.04559659957886,
            "x64": false,
            "actual_files_count": 330,
            "expected_files_count": 330
        },
        {
            "tool_version": "231.0.20230404.121117",
            "error_mismatch": false,
            "project": null,
            "timestamp": 1683688320.090905,
            "elapsed_time": 183.96102142333984,
            "x64": false,
            "actual_files_count": 330,
            "expected_files_count": 330
        },
        {
            "tool_version": "231.0.20230404.121117",
            "error_mismatch": false,
            "project": null,
            "timestamp": 1683774715.762345,
            "elapsed_time": 205.26246428489685,
            "x64": false,
            "actual_files_count": 330,
            "expected_files_count": 330
        }
    ]
}