{
    "v1": [
        {
            "tool_version": "231.0.20230404.121117",
            "error_mismatch": false,
            "project": null,
            "timestamp": 1683534682.987996,
            "elapsed_time": 187.58363151550293,
            "x64": false,
            "actual_files_count": 330,
            "expected_files_count": 330
        }
    ]
}