{
    "v1": [
        {
            "tool_version": "231.0.20230404.121117",
            "error_mismatch": false,
            "project": null,
            "timestamp": 1683534328.966816,
            "elapsed_time": 112.34891891479492,
            "x64": false,
            "actual_files_count": 157,
            "expected_files_count": 157
        }
    ]
}