{
    "v1": [
        {
            "tool_version": "231.0.20230404.121117",
            "error_mismatch": false,
            "project": null,
            "timestamp": 1683534499.459947,
            "elapsed_time": 40.02720355987549,
            "x64": false,
            "actual_files_count": 13,
            "expected_files_count": 13
        }
    ]
}