{
    "v1": [
        {
            "tool_version": "231.0.20230404.121117",
            "error_mismatch": false,
            "project": null,
            "timestamp": 1683534499.459947,
            "elapsed_time": 40.02720355987549,
            "x64": false,
            "actual_files_count": 13,
            "expected_files_count": 13
        },
        {
            "tool_version": "231.0.20230404.121117",
            "error_mismatch": false,
            "project": null,
            "timestamp": 1683602117.60036,
            "elapsed_time": 78.48368072509766,
            "x64": false,
            "actual_files_count": 13,
            "expected_files_count": 13
        },
        {
            "tool_version": "231.0.20230404.121117",
            "error_mismatch": false,
            "project": null,
            "timestamp": 1683688317.114078,
            "elapsed_time": 41.478864431381226,
            "x64": false,
            "actual_files_count": 13,
            "expected_files_count": 13
        }
    ]
}