{
    "v1": [
        {
            "tool_version": "231.0.20230404.121117",
            "error_mismatch": false,
            "project": null,
            "timestamp": 1683475576.355227,
            "elapsed_time": 89.05363321304321,
            "x64": false,
            "actual_files_count": 107,
            "expected_files_count": 107
        }
    ]
}