{
    "v1": [
        {
            "tool_version": "231.0.20230404.121117",
            "error_mismatch": false,
            "project": null,
            "timestamp": 1683483050.094834,
            "elapsed_time": 71.30461812019348,
            "x64": false,
            "actual_files_count": 107,
            "expected_files_count": 107
        },
        {
            "tool_version": "231.0.20230404.121117",
            "error_mismatch": false,
            "project": null,
            "timestamp": 1683484222.399294,
            "elapsed_time": 77.52443480491638,
            "x64": false,
            "actual_files_count": 107,
            "expected_files_count": 107
        }
    ]
}