{
    "v1": [
        {
            "tool_version": "231.0.20230404.121117",
            "error_mismatch": false,
            "project": null,
            "timestamp": 1683534743.0423,
            "elapsed_time": 150.16859936714172,
            "x64": false,
            "actual_files_count": 205,
            "expected_files_count": 210
        },
        {
            "tool_version": "231.0.20230404.121117",
            "error_mismatch": false,
            "project": null,
            "timestamp": 1683601848.433138,
            "elapsed_time": 154.89645767211914,
            "x64": false,
            "actual_files_count": 205,
            "expected_files_count": 210
        },
        {
            "tool_version": "231.0.20230404.121117",
            "error_mismatch": false,
            "project": null,
            "timestamp": 1683688239.437253,
            "elapsed_time": 133.60806941986084,
            "x64": false,
            "actual_files_count": 205,
            "expected_files_count": 210
        },
        {
            "tool_version": "231.0.20230404.121117",
            "error_mismatch": false,
            "project": null,
            "timestamp": 1683774659.277095,
            "elapsed_time": 155.16776275634766,
            "x64": false,
            "actual_files_count": 205,
            "expected_files_count": 210
        }
    ]
}