{
    "v1": [
        {
            "tool_version": "231.0.20230404.121117",
            "error_mismatch": false,
            "project": null,
            "timestamp": 1683534743.0423,
            "elapsed_time": 150.16859936714172,
            "x64": false,
            "actual_files_count": 205,
            "expected_files_count": 210
        }
    ]
}