{
    "v1": [
        {
            "tool_version": "231.0.20230404.121117",
            "error_mismatch": false,
            "project": null,
            "timestamp": 1683534307.447778,
            "elapsed_time": 80.08339428901672,
            "x64": false,
            "actual_files_count": 42,
            "expected_files_count": 42
        },
        {
            "tool_version": "231.0.20230404.121117",
            "error_mismatch": false,
            "project": null,
            "timestamp": 1683601777.813027,
            "elapsed_time": 85.4690854549408,
            "x64": false,
            "actual_files_count": 42,
            "expected_files_count": 42
        }
    ]
}