{
    "v1": [
        {
            "tool_version": "231.0.20230404.121117",
            "error_mismatch": false,
            "project": null,
            "timestamp": 1683483149.458345,
            "elapsed_time": 146.3574001789093,
            "x64": false,
            "actual_files_count": 1809,
            "expected_files_count": 1809
        }
    ]
}