{
    "v1": [
        {
            "tool_version": "231.0.20230404.121117",
            "error_mismatch": false,
            "project": null,
            "timestamp": 1683475545.189482,
            "elapsed_time": 140.6702754497528,
            "x64": false,
            "actual_files_count": 1809,
            "expected_files_count": 1809
        }
    ]
}