{
    "v1": [
        {
            "tool_version": "231.0.20230404.121117",
            "error_mismatch": false,
            "project": null,
            "timestamp": 1683822829.246261,
            "elapsed_time": 107.89437818527222,
            "x64": false,
            "actual_files_count": 86,
            "expected_files_count": 86
        },
        {
            "tool_version": "231.0.20230404.121117",
            "error_mismatch": false,
            "project": null,
            "timestamp": 1683835460.572342,
            "elapsed_time": 79.45001673698425,
            "x64": false,
            "actual_files_count": 86,
            "expected_files_count": 86
        },
        {
            "tool_version": "231.0.20230404.121117",
            "error_mismatch": false,
            "project": null,
            "timestamp": 1683849988.854765,
            "elapsed_time": 96.03320002555847,
            "x64": false,
            "actual_files_count": 86,
            "expected_files_count": 86
        },
        {
            "tool_version": "231.0.20230404.121117",
            "error_mismatch": false,
            "project": null,
            "timestamp": 1683864337.773951,
            "elapsed_time": 91.16299223899841,
            "x64": false,
            "actual_files_count": 86,
            "expected_files_count": 86
        }
    ]
}