{
    "v1": [
        {
            "tool_version": "231.0.20230404.121117",
            "error_mismatch": false,
            "project": null,
            "timestamp": 1683534262.148501,
            "elapsed_time": 61.51914119720459,
            "x64": false,
            "actual_files_count": 74,
            "expected_files_count": 74
        }
    ]
}