{
    "v1": [
        {
            "tool_version": "231.0.20230404.121117",
            "error_mismatch": false,
            "project": null,
            "timestamp": 1683534262.148501,
            "elapsed_time": 61.51914119720459,
            "x64": false,
            "actual_files_count": 74,
            "expected_files_count": 74
        },
        {
            "tool_version": "231.0.20230404.121117",
            "error_mismatch": false,
            "project": null,
            "timestamp": 1683601720.192578,
            "elapsed_time": 58.820515394210815,
            "x64": false,
            "actual_files_count": 74,
            "expected_files_count": 74
        },
        {
            "tool_version": "231.0.20230404.121117",
            "error_mismatch": false,
            "project": null,
            "timestamp": 1683688146.931452,
            "elapsed_time": 71.84995722770691,
            "x64": false,
            "actual_files_count": 74,
            "expected_files_count": 74
        },
        {
            "tool_version": "231.0.20230404.121117",
            "error_mismatch": false,
            "project": null,
            "timestamp": 1683774591.577392,
            "elapsed_time": 79.69812631607056,
            "x64": false,
            "actual_files_count": 74,
            "expected_files_count": 74
        }
    ]
}