{
    "v1": [
        {
            "tool_version": "231.0.20230404.121117",
            "error_mismatch": false,
            "project": null,
            "timestamp": 1683534406.900071,
            "elapsed_time": 63.26047372817993,
            "x64": false,
            "actual_files_count": 72,
            "expected_files_count": 72
        }
    ]
}