{
    "v1": [
        {
            "tool_version": "231.0.20230404.121117",
            "error_mismatch": false,
            "project": null,
            "timestamp": 1683534408.435526,
            "elapsed_time": 52.52045392990112,
            "x64": false,
            "actual_files_count": 49,
            "expected_files_count": 49
        },
        {
            "tool_version": "231.0.20230404.121117",
            "error_mismatch": false,
            "project": null,
            "timestamp": 1683601743.085228,
            "elapsed_time": 67.33437657356262,
            "x64": false,
            "actual_files_count": 49,
            "expected_files_count": 49
        },
        {
            "tool_version": "231.0.20230404.121117",
            "error_mismatch": false,
            "project": null,
            "timestamp": 1683688093.730612,
            "elapsed_time": 51.883025884628296,
            "x64": false,
            "actual_files_count": 49,
            "expected_files_count": 49
        },
        {
            "tool_version": "231.0.20230404.121117",
            "error_mismatch": false,
            "project": null,
            "timestamp": 1683774575.215642,
            "elapsed_time": 79.43245339393616,
            "x64": false,
            "actual_files_count": 49,
            "expected_files_count": 49
        }
    ]
}