{
    "v1": [
        {
            "tool_version": "231.0.20230404.121117",
            "error_mismatch": false,
            "project": null,
            "timestamp": 1683534408.435526,
            "elapsed_time": 52.52045392990112,
            "x64": false,
            "actual_files_count": 49,
            "expected_files_count": 49
        }
    ]
}