{
    "v1": [
        {
            "tool_version": "231.0.20230404.121117",
            "error_mismatch": false,
            "project": null,
            "timestamp": 1683475764.604767,
            "elapsed_time": 181.19819569587708,
            "x64": false,
            "actual_files_count": 222,
            "expected_files_count": 221
        }
    ]
}