{
    "v1": [
        {
            "tool_version": "231.0.20230404.121117",
            "error_mismatch": false,
            "project": null,
            "timestamp": 1683534253.724447,
            "elapsed_time": 61.14542841911316,
            "x64": false,
            "actual_files_count": 20,
            "expected_files_count": 20
        },
        {
            "tool_version": "231.0.20230404.121117",
            "error_mismatch": false,
            "project": null,
            "timestamp": 1683601736.410544,
            "elapsed_time": 56.876694679260254,
            "x64": false,
            "actual_files_count": 20,
            "expected_files_count": 20
        }
    ]
}