{
    "v1": [
        {
            "tool_version": "231.0.20230404.121117",
            "error_mismatch": false,
            "project": null,
            "timestamp": 1683534544.177933,
            "elapsed_time": 43.362000942230225,
            "x64": false,
            "actual_files_count": 18,
            "expected_files_count": 18
        },
        {
            "tool_version": "231.0.20230404.121117",
            "error_mismatch": false,
            "project": null,
            "timestamp": 1683602105.780271,
            "elapsed_time": 94.803719997406,
            "x64": false,
            "actual_files_count": 18,
            "expected_files_count": 18
        }
    ]
}