{
    "v1": [
        {
            "tool_version": "232.0.20230509.135236-eap01",
            "error_mismatch": true,
            "project": null,
            "timestamp": 1684169973.731106,
            "elapsed_time": 878.9345157146454,
            "x64": true,
            "actual_files_count": 1013,
            "expected_files_count": 1013
        }
    ]
}