{
    "v1": [
        {
            "tool_version": "232.0.20230509.135236-eap01",
            "error_mismatch": true,
            "project": null,
            "timestamp": 1684209128.558631,
            "elapsed_time": 696.012451171875,
            "x64": true,
            "actual_files_count": 1013,
            "expected_files_count": 1013
        },
        {
            "tool_version": "232.0.20230509.135236-eap01",
            "error_mismatch": true,
            "project": null,
            "timestamp": 1684295391.451663,
            "elapsed_time": 614.4793035984039,
            "x64": true,
            "actual_files_count": 1013,
            "expected_files_count": 1013
        }
    ]
}