{
    "v1": [
        {
            "tool_version": "231.0.20230404.121117",
            "error_mismatch": false,
            "project": null,
            "timestamp": 1683475251.75866,
            "elapsed_time": 107.64297723770142,
            "x64": false,
            "actual_files_count": 19,
            "expected_files_count": 19
        }
    ]
}