{
    "v1": [
        {
            "tool_version": "231.0.20230404.121117",
            "error_mismatch": false,
            "project": null,
            "timestamp": 1683534571.249401,
            "elapsed_time": 348.94343423843384,
            "x64": false,
            "actual_files_count": 649,
            "expected_files_count": 649
        },
        {
            "tool_version": "231.0.20230404.121117",
            "error_mismatch": false,
            "project": null,
            "timestamp": 1683602094.610031,
            "elapsed_time": 367.2785573005676,
            "x64": false,
            "actual_files_count": 649,
            "expected_files_count": 649
        }
    ]
}