{
    "v1": [
        {
            "tool_version": "231.0.20230404.121117",
            "error_mismatch": false,
            "project": null,
            "timestamp": 1683534403.146706,
            "elapsed_time": 106.65785002708435,
            "x64": false,
            "actual_files_count": 303,
            "expected_files_count": 303
        },
        {
            "tool_version": "231.0.20230404.121117",
            "error_mismatch": false,
            "project": null,
            "timestamp": 1683601814.999152,
            "elapsed_time": 110.2529149055481,
            "x64": false,
            "actual_files_count": 303,
            "expected_files_count": 303
        },
        {
            "tool_version": "231.0.20230404.121117",
            "error_mismatch": false,
            "project": null,
            "timestamp": 1683688201.672559,
            "elapsed_time": 95.40982699394226,
            "x64": false,
            "actual_files_count": 303,
            "expected_files_count": 303
        }
    ]
}