{
    "v1": [
        {
            "tool_version": "232.0.20230509.135236-eap01",
            "error_mismatch": false,
            "project": [
                "clang*"
            ],
            "timestamp": 1684643851.342148,
            "elapsed_time": 4185.455831289291,
            "x64": true,
            "actual_files_count": 1661,
            "expected_files_count": 1661
        }
    ]
}