{
    "v1": [
        {
            "tool_version": "231.0.20230404.121117",
            "error_mismatch": false,
            "project": null,
            "timestamp": 1683774839.342258,
            "elapsed_time": 120.21780633926392,
            "x64": false,
            "actual_files_count": 63,
            "expected_files_count": 63
        },
        {
            "tool_version": "231.0.20230404.121117",
            "error_mismatch": false,
            "project": null,
            "timestamp": 1683861184.214024,
            "elapsed_time": 127.22359490394592,
            "x64": false,
            "actual_files_count": 63,
            "expected_files_count": 63
        },
        {
            "tool_version": "231.0.20230404.121117",
            "error_mismatch": false,
            "project": null,
            "timestamp": 1683947565.757475,
            "elapsed_time": 108.35436749458313,
            "x64": false,
            "actual_files_count": 63,
            "expected_files_count": 63
        }
    ]
}