{
    "v1": [
        {
            "tool_version": "231.0.20230404.121117",
            "error_mismatch": false,
            "project": null,
            "timestamp": 1683534651.456169,
            "elapsed_time": 184.31646609306335,
            "x64": false,
            "actual_files_count": 246,
            "expected_files_count": 246
        },
        {
            "tool_version": "231.0.20230404.121117",
            "error_mismatch": false,
            "project": null,
            "timestamp": 1683602023.032699,
            "elapsed_time": 181.7491490840912,
            "x64": false,
            "actual_files_count": 246,
            "expected_files_count": 246
        }
    ]
}