{
    "v1": [
        {
            "tool_version": "231.0.20230404.121117",
            "error_mismatch": false,
            "project": null,
            "timestamp": 1683477023.572395,
            "elapsed_time": 715.5139050483704,
            "x64": true,
            "actual_files_count": 2521,
            "expected_files_count": 2521
        },
        {
            "tool_version": "231.0.20230404.121117",
            "error_mismatch": true,
            "project": null,
            "timestamp": 1683579027.424513,
            "elapsed_time": 1241.3650982379913,
            "x64": true,
            "actual_files_count": 2522,
            "expected_files_count": 2521
        },
        {
            "tool_version": "231.0.20230404.121117",
            "error_mismatch": true,
            "project": null,
            "timestamp": 1683592980.11119,
            "elapsed_time": 929.1854946613312,
            "x64": true,
            "actual_files_count": 2522,
            "expected_files_count": 2521
        }
    ]
}