{
    "v1": [
        {
            "tool_version": "231.0.20230404.121117",
            "error_mismatch": false,
            "project": null,
            "timestamp": 1683477023.572395,
            "elapsed_time": 715.5139050483704,
            "x64": true,
            "actual_files_count": 2521,
            "expected_files_count": 2521
        }
    ]
}