{
    "v1": [
        {
            "tool_version": "231.0.20230404.121117",
            "error_mismatch": false,
            "project": null,
            "timestamp": 1683604273.251758,
            "elapsed_time": 1044.4346852302551,
            "x64": true,
            "actual_files_count": 2514,
            "expected_files_count": 2521
        }
    ]
}