{
    "v1": [
        {
            "tool_version": "231.0.20230404.121117",
            "error_mismatch": false,
            "project": "ITKCommon",
            "timestamp": 1683602454.502976,
            "elapsed_time": 393.0030176639557,
            "x64": false,
            "actual_files_count": 90,
            "expected_files_count": 90
        }
    ]
}