{
    "v1": [
        {
            "tool_version": "231.0.20230404.121117",
            "error_mismatch": false,
            "project": null,
            "timestamp": 1684158798.307634,
            "elapsed_time": 295.65514612197876,
            "x64": false,
            "actual_files_count": 396,
            "expected_files_count": 105
        },
        {
            "tool_version": "232.0.20230509.135236-eap01",
            "error_mismatch": false,
            "project": null,
            "timestamp": 1684167729.6334,
            "elapsed_time": 308.758095741272,
            "x64": false,
            "actual_files_count": 396,
            "expected_files_count": 105
        },
        {
            "tool_version": "232.0.20230509.135236-eap01",
            "error_mismatch": false,
            "project": null,
            "timestamp": 1684182234.008259,
            "elapsed_time": 378.5018005371094,
            "x64": false,
            "actual_files_count": 396,
            "expected_files_count": 105
        },
        {
            "tool_version": "232.0.20230509.135236-eap01",
            "error_mismatch": false,
            "project": null,
            "timestamp": 1684196350.616597,
            "elapsed_time": 254.90414309501648,
            "x64": false,
            "actual_files_count": 396,
            "expected_files_count": 105
        }
    ]
}