{
    "v1": [
        {
            "tool_version": "231.0.20230404.121117",
            "error_mismatch": false,
            "project": null,
            "timestamp": 1684158798.307634,
            "elapsed_time": 295.65514612197876,
            "x64": false,
            "actual_files_count": 396,
            "expected_files_count": 105
        }
    ]
}