{
    "v1": [
        {
            "tool_version": "232.0.20230509.135236-eap01",
            "error_mismatch": false,
            "project": null,
            "timestamp": 1684207400.750778,
            "elapsed_time": 302.55530619621277,
            "x64": false,
            "actual_files_count": 396,
            "expected_files_count": 105
        }
    ]
}