{
    "v1": [
        {
            "tool_version": "231.0.20230404.121117",
            "error_mismatch": false,
            "project": null,
            "timestamp": 1683534621.843789,
            "elapsed_time": 199.64543795585632,
            "x64": false,
            "actual_files_count": 221,
            "expected_files_count": 221
        },
        {
            "tool_version": "231.0.20230404.121117",
            "error_mismatch": false,
            "project": null,
            "timestamp": 1683602088.792282,
            "elapsed_time": 184.96169328689575,
            "x64": false,
            "actual_files_count": 221,
            "expected_files_count": 221
        }
    ]
}