{
    "v1": [
        {
            "tool_version": "231.0.20230404.121117",
            "error_mismatch": false,
            "project": null,
            "timestamp": 1683860911.269879,
            "elapsed_time": 62.44759821891785,
            "x64": false,
            "actual_files_count": 2,
            "expected_files_count": 2
        },
        {
            "tool_version": "231.0.20230404.121117",
            "error_mismatch": false,
            "project": null,
            "timestamp": 1684033759.856797,
            "elapsed_time": 75.99242806434631,
            "x64": false,
            "actual_files_count": 2,
            "expected_files_count": 2
        }
    ]
}