{
    "v1": [
        {
            "tool_version": "231.0.20230404.121117",
            "error_mismatch": false,
            "project": null,
            "timestamp": 1683475438.757808,
            "elapsed_time": 64.39541459083557,
            "x64": false,
            "actual_files_count": 3,
            "expected_files_count": 3
        }
    ]
}