{
    "v1": [
        {
            "tool_version": "231.0.20230404.121117",
            "error_mismatch": false,
            "project": null,
            "timestamp": 1683476564.954345,
            "elapsed_time": 60.4158501625061,
            "x64": false,
            "actual_files_count": 3,
            "expected_files_count": 3
        },
        {
            "tool_version": "231.0.20230404.121117",
            "error_mismatch": false,
            "project": null,
            "timestamp": 1683483114.297605,
            "elapsed_time": 78.13718748092651,
            "x64": false,
            "actual_files_count": 3,
            "expected_files_count": 3
        }
    ]
}