{
    "v1": [
        {
            "tool_version": "231.0.20230404.121117",
            "error_mismatch": false,
            "project": null,
            "timestamp": 1683534252.621888,
            "elapsed_time": 64.49108004570007,
            "x64": false,
            "actual_files_count": 3,
            "expected_files_count": 3
        },
        {
            "tool_version": "231.0.20230404.121117",
            "error_mismatch": false,
            "project": null,
            "timestamp": 1683601771.9421,
            "elapsed_time": 64.84727931022644,
            "x64": false,
            "actual_files_count": 3,
            "expected_files_count": 3
        },
        {
            "tool_version": "231.0.20230404.121117",
            "error_mismatch": false,
            "project": null,
            "timestamp": 1683688196.458706,
            "elapsed_time": 64.80267763137817,
            "x64": false,
            "actual_files_count": 3,
            "expected_files_count": 3
        }
    ]
}