{
    "v1": [
        {
            "tool_version": "231.0.20230404.121117",
            "error_mismatch": false,
            "project": "PhysX",
            "timestamp": 1683534688.932526,
            "elapsed_time": 113.00162816047668,
            "x64": false,
            "actual_files_count": 179,
            "expected_files_count": 179
        }
    ]
}