{
    "v1": [
        {
            "tool_version": "231.0.20230404.121117",
            "error_mismatch": false,
            "project": null,
            "timestamp": 1683475209.631106,
            "elapsed_time": 51.09082245826721,
            "x64": false,
            "actual_files_count": 6,
            "expected_files_count": null
        },
        {
            "tool_version": "231.0.20230404.121117",
            "error_mismatch": false,
            "project": null,
            "timestamp": 1683475442.572884,
            "elapsed_time": 65.9434289932251,
            "x64": false,
            "actual_files_count": 6,
            "expected_files_count": null
        }
    ]
}