{
    "v1": [
        {
            "tool_version": "231.0.20230404.121117",
            "error_mismatch": false,
            "project": null,
            "timestamp": 1683534535.705157,
            "elapsed_time": 72.47500777244568,
            "x64": false,
            "actual_files_count": 18,
            "expected_files_count": 18
        },
        {
            "tool_version": "231.0.20230404.121117",
            "error_mismatch": false,
            "project": null,
            "timestamp": 1683601952.099409,
            "elapsed_time": 70.99560570716858,
            "x64": false,
            "actual_files_count": 18,
            "expected_files_count": 18
        },
        {
            "tool_version": "231.0.20230404.121117",
            "error_mismatch": false,
            "project": null,
            "timestamp": 1683688441.213648,
            "elapsed_time": 77.55784797668457,
            "x64": false,
            "actual_files_count": 18,
            "expected_files_count": 18
        },
        {
            "tool_version": "231.0.20230404.121117",
            "error_mismatch": false,
            "project": null,
            "timestamp": 1683774794.489115,
            "elapsed_time": 71.29595756530762,
            "x64": false,
            "actual_files_count": 18,
            "expected_files_count": 18
        }
    ]
}