{
    "v1": [
        {
            "tool_version": "231.0.20230404.121117",
            "error_mismatch": false,
            "project": null,
            "timestamp": 1683534535.705157,
            "elapsed_time": 72.47500777244568,
            "x64": false,
            "actual_files_count": 18,
            "expected_files_count": 18
        }
    ]
}