{
    "v1": [
        {
            "tool_version": "231.0.20230404.121117",
            "error_mismatch": false,
            "project": null,
            "timestamp": 1683534496.766662,
            "elapsed_time": 49.587517738342285,
            "x64": false,
            "actual_files_count": 32,
            "expected_files_count": 32
        },
        {
            "tool_version": "231.0.20230404.121117",
            "error_mismatch": false,
            "project": null,
            "timestamp": 1683601837.915625,
            "elapsed_time": 46.72999119758606,
            "x64": false,
            "actual_files_count": 32,
            "expected_files_count": 32
        }
    ]
}