{
    "v1": [
        {
            "tool_version": "231.0.20230404.121117",
            "error_mismatch": false,
            "project": null,
            "timestamp": 1683534319.997953,
            "elapsed_time": 97.08470392227173,
            "x64": false,
            "actual_files_count": 203,
            "expected_files_count": 203
        },
        {
            "tool_version": "231.0.20230404.121117",
            "error_mismatch": false,
            "project": null,
            "timestamp": 1683601744.196841,
            "elapsed_time": 76.83970236778259,
            "x64": false,
            "actual_files_count": 203,
            "expected_files_count": 203
        }
    ]
}