{
    "v1": [
        {
            "tool_version": "231.0.20230404.121117",
            "error_mismatch": false,
            "project": null,
            "timestamp": 1683475346.678894,
            "elapsed_time": 179.42109775543213,
            "x64": false,
            "actual_files_count": 85,
            "expected_files_count": 85
        }
    ]
}