{
    "v1": [
        {
            "tool_version": "231.0.20230404.121117",
            "error_mismatch": false,
            "project": null,
            "timestamp": 1683534704.278097,
            "elapsed_time": 136.34470224380493,
            "x64": false,
            "actual_files_count": 1809,
            "expected_files_count": 1809
        },
        {
            "tool_version": "231.0.20230404.121117",
            "error_mismatch": false,
            "project": null,
            "timestamp": 1683602030.781702,
            "elapsed_time": 134.03882694244385,
            "x64": false,
            "actual_files_count": 1809,
            "expected_files_count": 1809
        }
    ]
}