{
    "v1": [
        {
            "tool_version": "231.0.20230404.121117",
            "error_mismatch": false,
            "project": "Chakra.Runtime.Debug",
            "timestamp": 1683534411.002448,
            "elapsed_time": 192.85963487625122,
            "x64": false,
            "actual_files_count": 51,
            "expected_files_count": 51
        },
        {
            "tool_version": "231.0.20230404.121117",
            "error_mismatch": false,
            "project": "Chakra.Runtime.Debug",
            "timestamp": 1683601954.849479,
            "elapsed_time": 251.059086561203,
            "x64": false,
            "actual_files_count": 51,
            "expected_files_count": 51
        },
        {
            "tool_version": "231.0.20230404.121117",
            "error_mismatch": false,
            "project": "Chakra.Runtime.Debug",
            "timestamp": 1683688285.101461,
            "elapsed_time": 210.4138057231903,
            "x64": false,
            "actual_files_count": 51,
            "expected_files_count": 51
        }
    ]
}