{
    "v1": [
        {
            "tool_version": "231.0.20230404.121117",
            "error_mismatch": false,
            "project": null,
            "timestamp": 1683534685.207297,
            "elapsed_time": 107.6048698425293,
            "x64": false,
            "actual_files_count": 75,
            "expected_files_count": 75
        },
        {
            "tool_version": "231.0.20230404.121117",
            "error_mismatch": false,
            "project": null,
            "timestamp": 1683601999.222026,
            "elapsed_time": 85.7814872264862,
            "x64": false,
            "actual_files_count": 75,
            "expected_files_count": 75
        },
        {
            "tool_version": "231.0.20230404.121117",
            "error_mismatch": false,
            "project": null,
            "timestamp": 1683688407.424412,
            "elapsed_time": 106.72622346878052,
            "x64": false,
            "actual_files_count": 75,
            "expected_files_count": 75
        },
        {
            "tool_version": "231.0.20230404.121117",
            "error_mismatch": false,
            "project": null,
            "timestamp": 1683774720.192799,
            "elapsed_time": 99.78608679771423,
            "x64": false,
            "actual_files_count": 75,
            "expected_files_count": 75
        }
    ]
}