{
    "v1": [
        {
            "tool_version": "231.0.20230404.121117",
            "error_mismatch": false,
            "project": null,
            "timestamp": 1683534685.207297,
            "elapsed_time": 107.6048698425293,
            "x64": false,
            "actual_files_count": 75,
            "expected_files_count": 75
        }
    ]
}