{
    "v1": [
        {
            "tool_version": "231.0.20230404.121117",
            "error_mismatch": false,
            "project": null,
            "timestamp": 1683475332.517246,
            "elapsed_time": 145.10507249832153,
            "x64": false,
            "actual_files_count": 197,
            "expected_files_count": 197
        },
        {
            "tool_version": "231.0.20230404.121117",
            "error_mismatch": false,
            "project": null,
            "timestamp": 1683475577.217297,
            "elapsed_time": 152.9450237751007,
            "x64": false,
            "actual_files_count": 197,
            "expected_files_count": 197
        }
    ]
}