{
    "v1": [
        {
            "tool_version": "231.0.20230404.121117",
            "error_mismatch": false,
            "project": null,
            "timestamp": 1683602303.487689,
            "elapsed_time": 623.9319398403168,
            "x64": false,
            "actual_files_count": 625,
            "expected_files_count": 624
        }
    ]
}