{
    "v1": [
        {
            "tool_version": "231.0.20230404.121117",
            "error_mismatch": false,
            "project": null,
            "timestamp": 1683534519.881652,
            "elapsed_time": 59.818549156188965,
            "x64": false,
            "actual_files_count": 13,
            "expected_files_count": 13
        },
        {
            "tool_version": "231.0.20230404.121117",
            "error_mismatch": false,
            "project": null,
            "timestamp": 1683601755.734622,
            "elapsed_time": 62.89909839630127,
            "x64": false,
            "actual_files_count": 13,
            "expected_files_count": 13
        }
    ]
}