{
    "v1": [
        {
            "tool_version": "231.0.20230404.121117",
            "error_mismatch": false,
            "project": "opencv_test_*",
            "timestamp": 1683475995.554307,
            "elapsed_time": 505.9578642845154,
            "x64": false,
            "actual_files_count": 459,
            "expected_files_count": 459
        },
        {
            "tool_version": "231.0.20230404.121117",
            "error_mismatch": false,
            "project": "opencv_test_*",
            "timestamp": 1683490406.138587,
            "elapsed_time": 499.9755198955536,
            "x64": false,
            "actual_files_count": 459,
            "expected_files_count": 459
        },
        {
            "tool_version": "231.0.20230404.121117",
            "error_mismatch": false,
            "project": "opencv_test_*",
            "timestamp": 1683504949.337366,
            "elapsed_time": 525.5584468841553,
            "x64": false,
            "actual_files_count": 459,
            "expected_files_count": 459
        },
        {
            "tool_version": "231.0.20230404.121117",
            "error_mismatch": false,
            "project": "opencv_test_*",
            "timestamp": 1683519420.357168,
            "elapsed_time": 643.818879365921,
            "x64": false,
            "actual_files_count": 459,
            "expected_files_count": 459
        }
    ]
}