{
    "v1": [
        {
            "tool_version": "231.0.20230404.121117",
            "error_mismatch": false,
            "project": "opencv_test_*",
            "timestamp": 1683602085.835599,
            "elapsed_time": 319.04698944091797,
            "x64": false,
            "actual_files_count": 309,
            "expected_files_count": 309
        },
        {
            "tool_version": "231.0.20230404.121117",
            "error_mismatch": false,
            "project": "opencv_test_*",
            "timestamp": 1683688509.772612,
            "elapsed_time": 323.64752101898193,
            "x64": false,
            "actual_files_count": 309,
            "expected_files_count": 309
        }
    ]
}