{
    "v1": [
        {
            "tool_version": "231.0.20230404.121117",
            "error_mismatch": false,
            "project": null,
            "timestamp": 1683534478.040572,
            "elapsed_time": 94.60816431045532,
            "x64": false,
            "actual_files_count": 112,
            "expected_files_count": 112
        }
    ]
}