{
    "v1": [
        {
            "tool_version": "231.0.20230404.121117",
            "error_mismatch": false,
            "project": null,
            "timestamp": 1683534478.040572,
            "elapsed_time": 94.60816431045532,
            "x64": false,
            "actual_files_count": 112,
            "expected_files_count": 112
        },
        {
            "tool_version": "231.0.20230404.121117",
            "error_mismatch": false,
            "project": null,
            "timestamp": 1683601759.740884,
            "elapsed_time": 105.99909687042236,
            "x64": false,
            "actual_files_count": 112,
            "expected_files_count": 112
        },
        {
            "tool_version": "231.0.20230404.121117",
            "error_mismatch": false,
            "project": null,
            "timestamp": 1683688194.12106,
            "elapsed_time": 108.91524529457092,
            "x64": false,
            "actual_files_count": 112,
            "expected_files_count": 112
        },
        {
            "tool_version": "231.0.20230404.121117",
            "error_mismatch": false,
            "project": null,
            "timestamp": 1683774570.361703,
            "elapsed_time": 100.4526104927063,
            "x64": false,
            "actual_files_count": 112,
            "expected_files_count": 112
        }
    ]
}