{
    "v1": [
        {
            "tool_version": "231.0.20230404.121117",
            "error_mismatch": false,
            "project": [
                "common",
                "encoder"
            ],
            "timestamp": 1683534647.220042,
            "elapsed_time": 76.07189202308655,
            "x64": false,
            "actual_files_count": 96,
            "expected_files_count": 96
        },
        {
            "tool_version": "231.0.20230404.121117",
            "error_mismatch": false,
            "project": [
                "common",
                "encoder"
            ],
            "timestamp": 1683601976.317302,
            "elapsed_time": 86.53137922286987,
            "x64": false,
            "actual_files_count": 96,
            "expected_files_count": 96
        },
        {
            "tool_version": "231.0.20230404.121117",
            "error_mismatch": false,
            "project": [
                "common",
                "encoder"
            ],
            "timestamp": 1683688350.849819,
            "elapsed_time": 76.39396119117737,
            "x64": false,
            "actual_files_count": 96,
            "expected_files_count": 96
        }
    ]
}