{
    "v1": [
        {
            "tool_version": "231.0.20230404.121117",
            "error_mismatch": false,
            "project": null,
            "timestamp": 1683534583.969875,
            "elapsed_time": 138.8870530128479,
            "x64": false,
            "actual_files_count": 19,
            "expected_files_count": 19
        }
    ]
}