{
    "v1": [
        {
            "tool_version": "231.0.20230404.121117",
            "error_mismatch": false,
            "project": null,
            "timestamp": 1683535151.127064,
            "elapsed_time": 642.3448596000671,
            "x64": false,
            "actual_files_count": 1770,
            "expected_files_count": 1770
        },
        {
            "tool_version": "231.0.20230404.121117",
            "error_mismatch": false,
            "project": null,
            "timestamp": 1683861574.980302,
            "elapsed_time": 718.770257472992,
            "x64": false,
            "actual_files_count": 1770,
            "expected_files_count": 1770
        },
        {
            "tool_version": "231.0.20230404.121117",
            "error_mismatch": false,
            "project": null,
            "timestamp": 1683947884.601208,
            "elapsed_time": 594.1883027553558,
            "x64": false,
            "actual_files_count": 1770,
            "expected_files_count": 1770
        },
        {
            "tool_version": "231.0.20230404.121117",
            "error_mismatch": false,
            "project": null,
            "timestamp": 1684120792.552431,
            "elapsed_time": 709.0935215950012,
            "x64": false,
            "actual_files_count": 1770,
            "expected_files_count": 1770
        }
    ]
}