{
    "v1": [
        {
            "tool_version": "231.0.20230404.121117",
            "error_mismatch": false,
            "project": null,
            "timestamp": 1683534472.034458,
            "elapsed_time": 113.37106704711914,
            "x64": false,
            "actual_files_count": 63,
            "expected_files_count": 63
        }
    ]
}