{
    "v1": [
        {
            "tool_version": "231.0.20230404.121117",
            "error_mismatch": false,
            "project": null,
            "timestamp": 1683534393.376155,
            "elapsed_time": 217.478661775589,
            "x64": false,
            "actual_files_count": 516,
            "expected_files_count": 516
        },
        {
            "tool_version": "231.0.20230404.121117",
            "error_mismatch": false,
            "project": null,
            "timestamp": 1683601903.779537,
            "elapsed_time": 271.36072731018066,
            "x64": false,
            "actual_files_count": 516,
            "expected_files_count": 516
        }
    ]
}