{
    "v1": [
        {
            "tool_version": "231.0.20230404.121117",
            "error_mismatch": false,
            "project": null,
            "timestamp": 1683535214.006673,
            "elapsed_time": 633.6627135276794,
            "x64": false,
            "actual_files_count": 1028,
            "expected_files_count": 1028
        },
        {
            "tool_version": "231.0.20230404.121117",
            "error_mismatch": false,
            "project": null,
            "timestamp": 1683602619.335408,
            "elapsed_time": 687.0064346790314,
            "x64": false,
            "actual_files_count": 1028,
            "expected_files_count": 1028
        }
    ]
}