{
    "v1": [
        {
            "tool_version": "231.0.20230404.121117",
            "error_mismatch": false,
            "project": null,
            "timestamp": 1683534704.978957,
            "elapsed_time": 106.87508344650269,
            "x64": false,
            "actual_files_count": 151,
            "expected_files_count": 151
        },
        {
            "tool_version": "231.0.20230404.121117",
            "error_mismatch": false,
            "project": null,
            "timestamp": 1683602125.676623,
            "elapsed_time": 123.0426824092865,
            "x64": false,
            "actual_files_count": 151,
            "expected_files_count": 151
        }
    ]
}