{
    "v1": [
        {
            "tool_version": "231.0.20230404.121117",
            "error_mismatch": false,
            "project": null,
            "timestamp": 1683475272.181529,
            "elapsed_time": 109.98121571540833,
            "x64": false,
            "actual_files_count": 66,
            "expected_files_count": 66
        },
        {
            "tool_version": "231.0.20230404.121117",
            "error_mismatch": false,
            "project": null,
            "timestamp": 1683475458.72477,
            "elapsed_time": 115.36320662498474,
            "x64": false,
            "actual_files_count": 66,
            "expected_files_count": 66
        },
        {
            "tool_version": "231.0.20230404.121117",
            "error_mismatch": false,
            "project": null,
            "timestamp": 1683483087.491535,
            "elapsed_time": 113.73137879371643,
            "x64": false,
            "actual_files_count": 66,
            "expected_files_count": 66
        }
    ]
}