{
    "v1": [
        {
            "tool_version": "231.0.20230404.121117",
            "error_mismatch": false,
            "project": "opencv_test_*",
            "timestamp": 1683475995.554307,
            "elapsed_time": 505.9578642845154,
            "x64": false,
            "actual_files_count": 459,
            "expected_files_count": 459
        }
    ]
}