{
    "v1": [
        {
            "tool_version": "231.0.20230404.121117",
            "error_mismatch": false,
            "project": "opencv_test_*",
            "timestamp": 1683476125.345637,
            "elapsed_time": 503.34010004997253,
            "x64": false,
            "actual_files_count": 480,
            "expected_files_count": 480
        }
    ]
}