{
    "v1": [
        {
            "tool_version": "231.0.20230404.121117",
            "error_mismatch": false,
            "project": null,
            "timestamp": 1683534623.434306,
            "elapsed_time": 100.79502129554749,
            "x64": false,
            "actual_files_count": 54,
            "expected_files_count": 54
        },
        {
            "tool_version": "231.0.20230404.121117",
            "error_mismatch": false,
            "project": null,
            "timestamp": 1683601782.528016,
            "elapsed_time": 91.07418394088745,
            "x64": false,
            "actual_files_count": 54,
            "expected_files_count": 54
        },
        {
            "tool_version": "231.0.20230404.121117",
            "error_mismatch": false,
            "project": null,
            "timestamp": 1683688208.824681,
            "elapsed_time": 96.54128766059875,
            "x64": false,
            "actual_files_count": 54,
            "expected_files_count": 54
        }
    ]
}