{
    "v1": [
        {
            "tool_version": "231.0.20230404.121117",
            "error_mismatch": false,
            "project": null,
            "timestamp": 1683534830.608823,
            "elapsed_time": 223.7127001285553,
            "x64": false,
            "actual_files_count": 52,
            "expected_files_count": 18
        },
        {
            "tool_version": "231.0.20230404.121117",
            "error_mismatch": false,
            "project": null,
            "timestamp": 1683602054.593255,
            "elapsed_time": 189.33202600479126,
            "x64": false,
            "actual_files_count": 52,
            "expected_files_count": 18
        },
        {
            "tool_version": "231.0.20230404.121117",
            "error_mismatch": false,
            "project": null,
            "timestamp": 1683688468.403916,
            "elapsed_time": 221.12541103363037,
            "x64": false,
            "actual_files_count": 52,
            "expected_files_count": 18
        }
    ]
}