{
    "v1": [
        {
            "tool_version": "231.0.20230404.121117",
            "error_mismatch": false,
            "project": "cxx11_*",
            "timestamp": 1683534527.410425,
            "elapsed_time": 139.87774109840393,
            "x64": false,
            "actual_files_count": 82,
            "expected_files_count": 82
        },
        {
            "tool_version": "231.0.20230404.121117",
            "error_mismatch": false,
            "project": "cxx11_*",
            "timestamp": 1683602343.848945,
            "elapsed_time": 128.33917713165283,
            "x64": false,
            "actual_files_count": 82,
            "expected_files_count": 82
        },
        {
            "tool_version": "231.0.20230404.121117",
            "error_mismatch": false,
            "project": "cxx11_*",
            "timestamp": 1683688393.145681,
            "elapsed_time": 144.12746930122375,
            "x64": false,
            "actual_files_count": 82,
            "expected_files_count": 82
        },
        {
            "tool_version": "231.0.20230404.121117",
            "error_mismatch": false,
            "project": "cxx11_*",
            "timestamp": 1683775212.418112,
            "elapsed_time": 125.66740798950195,
            "x64": false,
            "actual_files_count": 82,
            "expected_files_count": 82
        }
    ]
}