{
    "v1": [
        {
            "tool_version": "231.0.20230404.121117",
            "error_mismatch": false,
            "project": null,
            "timestamp": 1683534457.703044,
            "elapsed_time": 53.7847580909729,
            "x64": false,
            "actual_files_count": 13,
            "expected_files_count": 13
        },
        {
            "tool_version": "231.0.20230404.121117",
            "error_mismatch": false,
            "project": null,
            "timestamp": 1683601696.097313,
            "elapsed_time": 53.703835010528564,
            "x64": false,
            "actual_files_count": 13,
            "expected_files_count": 13
        }
    ]
}