{
    "v1": [
        {
            "tool_version": "231.0.20230404.121117",
            "error_mismatch": false,
            "project": null,
            "timestamp": 1683475285.957574,
            "elapsed_time": 109.9202082157135,
            "x64": false,
            "actual_files_count": 137,
            "expected_files_count": null
        }
    ]
}