{
    "v1": [
        {
            "tool_version": "231.0.20230404.121117",
            "error_mismatch": false,
            "project": null,
            "timestamp": 1683475285.957574,
            "elapsed_time": 109.9202082157135,
            "x64": false,
            "actual_files_count": 137,
            "expected_files_count": null
        },
        {
            "tool_version": "231.0.20230404.121117",
            "error_mismatch": false,
            "project": null,
            "timestamp": 1683475548.905747,
            "elapsed_time": 122.63097763061523,
            "x64": false,
            "actual_files_count": 137,
            "expected_files_count": null
        },
        {
            "tool_version": "231.0.20230404.121117",
            "error_mismatch": false,
            "project": null,
            "timestamp": 1683476643.199085,
            "elapsed_time": 107.8349084854126,
            "x64": false,
            "actual_files_count": 137,
            "expected_files_count": null
        },
        {
            "tool_version": "231.0.20230404.121117",
            "error_mismatch": false,
            "project": null,
            "timestamp": 1683483090.919282,
            "elapsed_time": 118.07507562637329,
            "x64": false,
            "actual_files_count": 137,
            "expected_files_count": null
        }
    ]
}