{
    "v1": [
        {
            "tool_version": "231.0.20230404.121117",
            "error_mismatch": false,
            "project": null,
            "timestamp": 1683534553.91176,
            "elapsed_time": 56.29223084449768,
            "x64": false,
            "actual_files_count": 78,
            "expected_files_count": 78
        }
    ]
}