{
    "v1": [
        {
            "tool_version": "231.0.20230404.121117",
            "error_mismatch": false,
            "project": null,
            "timestamp": 1683534601.878554,
            "elapsed_time": 179.31951808929443,
            "x64": false,
            "actual_files_count": 83,
            "expected_files_count": 83
        }
    ]
}