{
    "v1": [
        {
            "tool_version": "231.0.20230404.121117",
            "error_mismatch": false,
            "project": null,
            "timestamp": 1683534659.357522,
            "elapsed_time": 78.7818865776062,
            "x64": false,
            "actual_files_count": 88,
            "expected_files_count": 88
        }
    ]
}