{
    "v1": [
        {
            "tool_version": "231.0.20230404.121117",
            "error_mismatch": false,
            "project": null,
            "timestamp": 1683476371.295614,
            "elapsed_time": 928.8249435424805,
            "x64": false,
            "actual_files_count": 801,
            "expected_files_count": null
        }
    ]
}