{
    "v1": [
        {
            "tool_version": "231.0.20230404.121117",
            "error_mismatch": false,
            "project": "vtkCommonCoreCxxTests",
            "timestamp": 1683535206.893995,
            "elapsed_time": 227.69267201423645,
            "x64": false,
            "actual_files_count": 56,
            "expected_files_count": 56
        }
    ]
}