{
    "v1": [
        {
            "tool_version": "231.0.20230404.121117",
            "error_mismatch": false,
            "project": null,
            "timestamp": 1683534606.468802,
            "elapsed_time": 81.6235044002533,
            "x64": false,
            "actual_files_count": 101,
            "expected_files_count": 101
        }
    ]
}