{
    "v1": [
        {
            "tool_version": "231.0.20230404.121117",
            "error_mismatch": false,
            "project": null,
            "timestamp": 1683534606.468802,
            "elapsed_time": 81.6235044002533,
            "x64": false,
            "actual_files_count": 101,
            "expected_files_count": 101
        },
        {
            "tool_version": "231.0.20230404.121117",
            "error_mismatch": false,
            "project": null,
            "timestamp": 1683601954.186678,
            "elapsed_time": 72.07763147354126,
            "x64": false,
            "actual_files_count": 101,
            "expected_files_count": 101
        },
        {
            "tool_version": "231.0.20230404.121117",
            "error_mismatch": false,
            "project": null,
            "timestamp": 1683688361.761434,
            "elapsed_time": 82.07125782966614,
            "x64": false,
            "actual_files_count": 101,
            "expected_files_count": 101
        },
        {
            "tool_version": "231.0.20230404.121117",
            "error_mismatch": false,
            "project": null,
            "timestamp": 1683774728.024083,
            "elapsed_time": 67.89385056495667,
            "x64": false,
            "actual_files_count": 101,
            "expected_files_count": 101
        }
    ]
}