{
    "v1": [
        {
            "tool_version": "231.0.20230404.121117",
            "error_mismatch": false,
            "project": null,
            "timestamp": 1683822847.149388,
            "elapsed_time": 102.19100546836853,
            "x64": false,
            "actual_files_count": 61,
            "expected_files_count": 61
        }
    ]
}