{
    "v1": [
        {
            "tool_version": "231.0.20230404.121117",
            "error_mismatch": false,
            "project": null,
            "timestamp": 1683534560.30597,
            "elapsed_time": 90.2430031299591,
            "x64": false,
            "actual_files_count": 59,
            "expected_files_count": 59
        }
    ]
}