{
    "v1": [
        {
            "tool_version": "231.0.20230404.121117",
            "error_mismatch": false,
            "project": null,
            "timestamp": 1683534333.621562,
            "elapsed_time": 103.33503031730652,
            "x64": false,
            "actual_files_count": 134,
            "expected_files_count": 134
        },
        {
            "tool_version": "231.0.20230404.121117",
            "error_mismatch": false,
            "project": null,
            "timestamp": 1683601829.884122,
            "elapsed_time": 122.27169561386108,
            "x64": false,
            "actual_files_count": 134,
            "expected_files_count": 134
        },
        {
            "tool_version": "231.0.20230404.121117",
            "error_mismatch": false,
            "project": null,
            "timestamp": 1683688232.220306,
            "elapsed_time": 118.55728483200073,
            "x64": false,
            "actual_files_count": 134,
            "expected_files_count": 134
        }
    ]
}