{
    "v1": [
        {
            "tool_version": "231.0.20230404.121117",
            "error_mismatch": false,
            "project": "test-*",
            "timestamp": 1683534442.591039,
            "elapsed_time": 90.66546559333801,
            "x64": false,
            "actual_files_count": 153,
            "expected_files_count": 153
        },
        {
            "tool_version": "231.0.20230404.121117",
            "error_mismatch": false,
            "project": "test-*",
            "timestamp": 1683601787.29333,
            "elapsed_time": 104.42016315460205,
            "x64": false,
            "actual_files_count": 153,
            "expected_files_count": 153
        }
    ]
}