{
    "v1": [
        {
            "tool_version": "231.0.20230404.121117",
            "error_mismatch": false,
            "project": null,
            "timestamp": 1683534593.359406,
            "elapsed_time": 149.14940762519836,
            "x64": false,
            "actual_files_count": 197,
            "expected_files_count": 197
        }
    ]
}