{
    "v1": [
        {
            "tool_version": "231.0.20230404.121117",
            "error_mismatch": false,
            "project": null,
            "timestamp": 1683534593.359406,
            "elapsed_time": 149.14940762519836,
            "x64": false,
            "actual_files_count": 197,
            "expected_files_count": 197
        },
        {
            "tool_version": "231.0.20230404.121117",
            "error_mismatch": false,
            "project": null,
            "timestamp": 1683601866.288472,
            "elapsed_time": 154.06332278251648,
            "x64": false,
            "actual_files_count": 197,
            "expected_files_count": 197
        },
        {
            "tool_version": "231.0.20230404.121117",
            "error_mismatch": false,
            "project": null,
            "timestamp": 1683688306.842471,
            "elapsed_time": 164.46876168251038,
            "x64": false,
            "actual_files_count": 197,
            "expected_files_count": 197
        },
        {
            "tool_version": "231.0.20230404.121117",
            "error_mismatch": false,
            "project": null,
            "timestamp": 1683774669.256368,
            "elapsed_time": 155.22653794288635,
            "x64": false,
            "actual_files_count": 197,
            "expected_files_count": 197
        }
    ]
}